0.000000000000000000e+00,1.000000000000000000e+00,2.000000000000000000e+00,3.000000000000000000e+00,4.000000000000000000e+00,5.000000000000000000e+00
1.862464477539062500e+03,2.309078613281250000e+03,8.891077880859375000e+02,1.117244628906250000e+03,4.100000000000000000e+01,9.539356827735900879e-01
2.749273681640625000e+03,2.594248046875000000e+03,1.180731445312500000e+03,1.260987304687500000e+03,4.500000000000000000e+01,9.303621053695678711e-01
8.434613037109375000e+02,2.853285400390625000e+03,1.002869384765625000e+03,6.683875732421875000e+02,4.300000000000000000e+01,8.619311451911926270e-01
1.842322631835937500e+03,2.818385498046875000e+03,2.989813476562500000e+03,1.647956298828125000e+03,6.000000000000000000e+01,7.338463664054870605e-01
3.207141357421875000e+03,3.233787353515625000e+03,2.666604003906250000e+02,1.455384521484375000e+02,4.400000000000000000e+01,4.036132395267486572e-01
1.881064697265625000e+03,2.208496093750000000e+03,8.870369873046875000e+02,1.028262695312500000e+03,4.100000000000000000e+01,9.479857087135314941e-01
2.390634033203125000e+03,1.562176513671875000e+03,8.615548095703125000e+02,8.507824096679687500e+02,4.100000000000000000e+01,9.332891106605529785e-01
2.996419433593750000e+03,2.312449951171875000e+03,1.646537109375000000e+03,8.258948974609375000e+02,4.500000000000000000e+01,9.245611429214477539e-01
4.020458007812500000e+03,2.599312744140625000e+03,2.758496093750000000e+02,2.946273193359375000e+02,4.200000000000000000e+01,9.087535738945007324e-01
3.613754638671875000e+03,2.030201660156250000e+03,4.694016113281250000e+02,4.529989013671875000e+02,4.400000000000000000e+01,9.007188081741333008e-01
3.236193603515625000e+03,2.364176025390625000e+03,1.352364257812500000e+03,8.157611083984375000e+02,4.500000000000000000e+01,9.424884319305419922e-01
2.738255859375000000e+03,1.597769287109375000e+03,3.585251770019531250e+02,8.123410644531250000e+02,4.100000000000000000e+01,9.258835911750793457e-01
4.113086425781250000e+03,2.646455566406250000e+03,2.747531738281250000e+02,2.928011474609375000e+02,4.200000000000000000e+01,9.160652160644531250e-01
3.706920898437500000e+03,2.079384033203125000e+03,4.683345336914062500e+02,4.561683349609375000e+02,4.400000000000000000e+01,9.068052768707275391e-01
4.600060058593750000e+03,2.697485839843750000e+03,5.476027832031250000e+02,1.887297363281250000e+02,4.400000000000000000e+01,8.908759951591491699e-01
1.919003906250000000e+03,2.278347656250000000e+03,8.886477050781250000e+02,1.042489868164062500e+03,4.100000000000000000e+01,9.550243020057678223e-01
2.430056152343750000e+03,1.622618408203125000e+03,8.604016113281250000e+02,8.490267333984375000e+02,4.100000000000000000e+01,9.233326315879821777e-01
2.818429687500000000e+03,2.385749755859375000e+03,1.206885986328125000e+03,8.329665527343750000e+02,4.500000000000000000e+01,9.208942651748657227e-01
7.605157470703125000e+02,2.677821777343750000e+03,6.705917968750000000e+02,2.739666748046875000e+02,4.300000000000000000e+01,2.778423130512237549e-01
4.007262207031250000e+03,2.899691650390625000e+03,1.699574096679687500e+03,6.984692993164062500e+02,4.400000000000000000e+01,9.887592792510986328e-01
3.177607910156250000e+03,2.499385253906250000e+03,1.438901611328125000e+03,1.198699218750000000e+03,4.500000000000000000e+01,9.232601523399353027e-01
4.167946777343750000e+03,2.953709228515625000e+03,4.195644531250000000e+02,1.019749145507812500e+03,4.200000000000000000e+01,9.148300290107727051e-01
3.691229492187500000e+03,2.026304321289062500e+03,4.691639404296875000e+02,4.540420532226562500e+02,4.400000000000000000e+01,9.045884013175964355e-01
2.658995117187500000e+03,1.767576416015625000e+03,4.031198120117187500e+02,3.892870178222656250e+02,4.100000000000000000e+01,2.885356247425079346e-01
3.675036376953125000e+03,2.038881835937500000e+03,4.688426513671875000e+02,4.537867431640625000e+02,4.400000000000000000e+01,9.046235084533691406e-01
2.563455078125000000e+03,1.572887084960937500e+03,6.447233276367187500e+02,8.518827514648437500e+02,4.100000000000000000e+01,8.339049816131591797e-01
3.063549316406250000e+03,2.108497802734375000e+03,1.636290527343750000e+03,3.745782470703125000e+02,4.500000000000000000e+01,8.234511613845825195e-01
3.416537109375000000e+03,1.156760131835937500e+03,6.526276245117187500e+02,1.677866821289062500e+03,3.900000000000000000e+01,7.393612861633300781e-01
2.312084472656250000e+03,2.015189697265625000e+03,1.435341949462890625e+02,5.701058349609375000e+02,4.100000000000000000e+01,2.619960606098175049e-01
2.697295898437500000e+03,1.610081787109375000e+03,5.518381347656250000e+02,8.534917602539062500e+02,4.100000000000000000e+01,9.229071140289306641e-01
3.763210449218750000e+03,2.076492675781250000e+03,4.665323486328125000e+02,4.554078369140625000e+02,4.400000000000000000e+01,9.063656330108642578e-01
3.197735839843750000e+03,2.207851074218750000e+03,1.548881225585937500e+03,5.038250732421875000e+02,4.500000000000000000e+01,8.518858551979064941e-01
3.507596191406250000e+03,1.258411376953125000e+03,6.467705688476562500e+02,1.547380859375000000e+03,3.900000000000000000e+01,5.181394815444946289e-01
3.461298339843750000e+03,1.019597717285156250e+03,6.497343139648437500e+02,1.870957885742187500e+03,3.900000000000000000e+01,8.973680138587951660e-01
2.821645507812500000e+03,1.515432495117187500e+03,2.159254302978515625e+02,7.835551757812500000e+02,4.100000000000000000e+01,8.887872695922851562e-01
3.786283691406250000e+03,1.921149536132812500e+03,3.322501220703125000e+02,2.997315673828125000e+02,4.400000000000000000e+01,8.591768741607666016e-01
3.309776855468750000e+03,1.972849609375000000e+03,1.191212158203125000e+03,1.813693847656250000e+02,4.500000000000000000e+01,5.820305943489074707e-01
3.977028320312500000e+03,2.975389160156250000e+03,1.706598876953125000e+03,7.043115234375000000e+02,4.400000000000000000e+01,9.908663630485534668e-01
3.657903808593750000e+03,2.098178222656250000e+03,4.673789062500000000e+02,4.515964050292968750e+02,4.400000000000000000e+01,9.193102717399597168e-01
4.135557617187500000e+03,3.026536132812500000e+03,4.158902587890625000e+02,1.018601379394531250e+03,4.200000000000000000e+01,9.142219424247741699e-01
3.286471679687500000e+03,2.564049560546875000e+03,1.163170532226562500e+03,1.172767089843750000e+03,4.500000000000000000e+01,8.828305006027221680e-01
4.211226562500000000e+03,3.494469970703125000e+03,2.972823730468750000e+03,4.054257812500000000e+02,7.100000000000000000e+01,2.943769693374633789e-01
2.401738769531250000e+03,1.548007446289062500e+03,8.612799072265625000e+02,8.524229125976562500e+02,4.100000000000000000e+01,9.214484691619873047e-01
1.891572998046875000e+03,1.980490356445312500e+03,8.878160400390625000e+02,5.990878906250000000e+02,4.100000000000000000e+01,9.141662716865539551e-01
2.741625976562500000e+03,2.082616210937500000e+03,1.116563964843750000e+03,3.762954101562500000e+02,4.500000000000000000e+01,7.543191909790039062e-01
3.171091308593750000e+03,1.111069458007812500e+03,2.569519042968750000e+02,1.627626464843750000e+03,3.900000000000000000e+01,6.780744791030883789e-01
3.010168945312500000e+03,2.372290771484375000e+03,1.461059448242187500e+03,9.589501953125000000e+02,4.500000000000000000e+01,9.639449119567871094e-01
1.980932861328125000e+03,2.237142333984375000e+03,8.860668334960937500e+02,1.121836181640625000e+03,4.100000000000000000e+01,9.542608857154846191e-01
2.492721191406250000e+03,1.545250610351562500e+03,8.611335449218750000e+02,8.501346435546875000e+02,4.100000000000000000e+01,9.243934750556945801e-01
3.609896972656250000e+03,2.089921875000000000e+03,2.626887207031250000e+02,3.030572509765625000e+02,4.400000000000000000e+01,8.295816779136657715e-01
3.435781494140625000e+03,1.424281250000000000e+03,6.102065429687500000e+02,1.089816040039062500e+03,4.100000000000000000e+01,3.452701568603515625e-01
3.864574951171875000e+03,2.907123535156250000e+03,1.248321044921875000e+03,5.742576904296875000e+02,4.400000000000000000e+01,9.719523787498474121e-01
2.013406982421875000e+03,2.241642333984375000e+03,8.851236572265625000e+02,1.118535400390625000e+03,4.100000000000000000e+01,9.604709148406982422e-01
3.130973632812500000e+03,2.460639648437500000e+03,1.642206787109375000e+03,1.153322998046875000e+03,4.500000000000000000e+01,9.488233327865600586e-01
3.747654541015625000e+03,2.013124023437500000e+03,4.680987548828125000e+02,4.515737915039062500e+02,4.400000000000000000e+01,9.303811788558959961e-01
4.187537109375000000e+03,2.814343750000000000e+03,3.441542968750000000e+02,7.589172363281250000e+02,4.200000000000000000e+01,9.010614156723022461e-01
2.528379882812500000e+03,1.593162353515625000e+03,8.531100463867187500e+02,7.617411499023437500e+02,4.100000000000000000e+01,7.640312910079956055e-01
3.861516113281250000e+03,2.907777832031250000e+03,1.252039916992187500e+03,5.766655273437500000e+02,4.200000000000000000e+01,6.478776335716247559e-01
4.058973144531250000e+03,2.862992675781250000e+03,1.689257080078125000e+03,7.016075439453125000e+02,4.400000000000000000e+01,9.887530803680419922e-01
3.236804931640625000e+03,2.461199707031250000e+03,1.411026489257812500e+03,1.189639892578125000e+03,4.500000000000000000e+01,9.221583604812622070e-01
3.736692382812500000e+03,1.985523193359375000e+03,4.653045043945312500e+02,4.489454345703125000e+02,4.400000000000000000e+01,9.190262556076049805e-01
4.208475585937500000e+03,2.906858398437500000e+03,4.087132568359375000e+02,1.004668151855468750e+03,4.200000000000000000e+01,8.978036642074584961e-01
4.010354003906250000e+03,2.863103271484375000e+03,1.698621826171875000e+03,6.837341308593750000e+02,4.400000000000000000e+01,9.895366430282592773e-01
3.266388671875000000e+03,2.472142822265625000e+03,1.260660034179687500e+03,1.197777954101562500e+03,4.500000000000000000e+01,9.109606742858886719e-01
3.690404785156250000e+03,1.993015380859375000e+03,4.657153320312500000e+02,4.529754333496093750e+02,4.400000000000000000e+01,9.045495390892028809e-01
4.155375488281250000e+03,2.882451416015625000e+03,3.940046386718750000e+02,9.427681884765625000e+02,4.200000000000000000e+01,8.221304416656494141e-01
4.007669189453125000e+03,2.868570312500000000e+03,1.687002929687500000e+03,6.894619140625000000e+02,4.200000000000000000e+01,6.129494309425354004e-01
1.894643676757812500e+03,2.298564941406250000e+03,8.849356689453125000e+02,1.118680664062500000e+03,4.100000000000000000e+01,9.550012946128845215e-01
7.357278442382812500e+02,2.689208496093750000e+03,1.210348022460937500e+03,5.238183593750000000e+02,4.300000000000000000e+01,9.517717957496643066e-01
2.407115722656250000e+03,1.608031250000000000e+03,8.604298095703125000e+02,8.516654663085937500e+02,4.100000000000000000e+01,9.220334887504577637e-01
2.660214843750000000e+03,2.450575439453125000e+03,9.352719726562500000e+02,9.976569824218750000e+02,4.500000000000000000e+01,8.820685744285583496e-01
1.969705688476562500e+03,2.244242187500000000e+03,8.861618652343750000e+02,1.105785644531250000e+03,4.100000000000000000e+01,9.609627723693847656e-01
3.087260742187500000e+03,2.345699707031250000e+03,1.641329833984375000e+03,9.265246582031250000e+02,4.500000000000000000e+01,9.539141058921813965e-01
2.482427734375000000e+03,1.556913574218750000e+03,8.635323486328125000e+02,8.473825683593750000e+02,4.100000000000000000e+01,9.368531107902526855e-01
3.688048339843750000e+03,2.026117919921875000e+03,4.408620605468750000e+02,4.540231933593750000e+02,4.400000000000000000e+01,9.229231476783752441e-01
8.096345214843750000e+02,2.752571533203125000e+03,1.268547363281250000e+03,7.528409423828125000e+02,4.300000000000000000e+01,9.602965116500854492e-01
1.954567993164062500e+03,2.254053955078125000e+03,8.868211669921875000e+02,1.120272827148437500e+03,4.100000000000000000e+01,9.543510079383850098e-01
2.710512695312500000e+03,2.529897705078125000e+03,9.210200195312500000e+02,1.243458129882812500e+03,4.500000000000000000e+01,9.180977940559387207e-01
1.668645629882812500e+03,2.578818115234375000e+03,2.987732421875000000e+03,1.282239746093750000e+03,6.000000000000000000e+01,4.197347164154052734e-01
1.917677978515625000e+03,2.173100097656250000e+03,8.904776611328125000e+02,9.990894775390625000e+02,4.100000000000000000e+01,9.437310099601745605e-01
2.429033447265625000e+03,1.540893310546875000e+03,8.624971923828125000e+02,8.486472167968750000e+02,4.100000000000000000e+01,9.423235058784484863e-01
2.755359863281250000e+03,2.280260986328125000e+03,1.080749267578125000e+03,7.873311767578125000e+02,4.500000000000000000e+01,8.159748315811157227e-01
2.020271484375000000e+03,2.271517333984375000e+03,8.875267333984375000e+02,1.117813354492187500e+03,4.100000000000000000e+01,9.526641368865966797e-01
2.888309326171875000e+03,2.527797851562500000e+03,1.147839477539062500e+03,1.206849853515625000e+03,4.500000000000000000e+01,9.444516301155090332e-01
2.532491455078125000e+03,1.586742553710937500e+03,8.620074462890625000e+02,8.352268676757812500e+02,4.100000000000000000e+01,8.777551054954528809e-01
9.838966674804687500e+02,2.805579345703125000e+03,1.036416503906250000e+03,6.685472412109375000e+02,4.300000000000000000e+01,8.605906963348388672e-01
2.002973266601562500e+03,2.396232666015625000e+03,8.898586425781250000e+02,1.034232421875000000e+03,4.100000000000000000e+01,9.618964791297912598e-01
2.858968750000000000e+03,2.634145507812500000e+03,1.120648925781250000e+03,1.251656372070312500e+03,4.500000000000000000e+01,9.186018705368041992e-01
9.540216064453125000e+02,2.885497558593750000e+03,1.061572753906250000e+03,6.896500854492187500e+02,4.300000000000000000e+01,8.811543583869934082e-01
1.920225097656250000e+03,2.936426757812500000e+03,2.985344482421875000e+03,1.816566772460937500e+03,6.000000000000000000e+01,7.425834536552429199e-01
3.314372802734375000e+03,3.285492187500000000e+03,2.122844238281250000e+02,1.245449218750000000e+02,4.400000000000000000e+01,2.759229838848114014e-01
1.979007080078125000e+03,2.244995361328125000e+03,8.870545654296875000e+02,1.118766479492187500e+03,4.100000000000000000e+01,9.520298242568969727e-01
8.821029052734375000e+02,2.659407470703125000e+03,1.117680786132812500e+03,5.052984619140625000e+02,4.300000000000000000e+01,9.352259039878845215e-01
2.494254882812500000e+03,1.551838745117187500e+03,8.622076416015625000e+02,8.490054931640625000e+02,4.100000000000000000e+01,9.269753694534301758e-01
2.796143798828125000e+03,2.402145751953125000e+03,1.045128417968750000e+03,1.009585815429687500e+03,4.500000000000000000e+01,9.177833795547485352e-01
3.971913085937500000e+03,2.976090576171875000e+03,1.703716552734375000e+03,6.950394287109375000e+02,4.400000000000000000e+01,9.911578297615051270e-01
3.149190917968750000e+03,2.584835693359375000e+03,1.430189941406250000e+03,1.210220214843750000e+03,4.500000000000000000e+01,9.375238418579101562e-01
3.656212890625000000e+03,2.104244384765625000e+03,4.685862426757812500e+02,4.570556945800781250e+02,4.400000000000000000e+01,9.234590530395507812e-01
4.128888671875000000e+03,3.003820312500000000e+03,4.133845214843750000e+02,9.673038330078125000e+02,4.200000000000000000e+01,9.078679084777832031e-01
2.639363525390625000e+03,1.768565795898437500e+03,4.174957275390625000e+02,5.394675292968750000e+02,4.100000000000000000e+01,3.014594316482543945e-01
3.868069335937500000e+03,2.928680664062500000e+03,1.550283691406250000e+03,6.967950439453125000e+02,4.400000000000000000e+01,9.890457987785339355e-01
1.987206665039062500e+03,2.279811279296875000e+03,6.825163574218750000e+02,1.118138793945312500e+03,4.100000000000000000e+01,9.486343860626220703e-01
3.001757568359375000e+03,2.540464355468750000e+03,1.646596313476562500e+03,1.235470947265625000e+03,4.500000000000000000e+01,9.311481118202209473e-01
3.620209228515625000e+03,2.053585693359375000e+03,4.653901367187500000e+02,4.522317810058593750e+02,4.400000000000000000e+01,9.305500388145446777e-01
4.092706298828125000e+03,2.957026123046875000e+03,4.168916015625000000e+02,9.824726562500000000e+02,4.200000000000000000e+01,9.040293097496032715e-01
3.040226074218750000e+03,2.537501464843750000e+03,1.477357299804687500e+03,1.252377929687500000e+03,4.500000000000000000e+01,9.597747325897216797e-01
2.001918701171875000e+03,2.326658203125000000e+03,8.728941040039062500e+02,9.711514892578125000e+02,4.100000000000000000e+01,9.553673863410949707e-01
3.642330810546875000e+03,2.098651367187500000e+03,2.737954101562500000e+02,3.172882385253906250e+02,4.400000000000000000e+01,8.762204647064208984e-01
2.280979980468750000e+03,2.862285644531250000e+03,2.990052246093750000e+03,1.878547607421875000e+03,6.000000000000000000e+01,5.419929623603820801e-01
3.496677246093750000e+03,3.120748291015625000e+03,5.649707031250000000e+02,2.626704101562500000e+02,4.400000000000000000e+01,2.985173165798187256e-01
3.702257812500000000e+03,2.001373779296875000e+03,4.041846923828125000e+02,3.872349853515625000e+02,4.400000000000000000e+01,9.041857719421386719e-01
2.566658203125000000e+03,1.568776123046875000e+03,6.286707763671875000e+02,8.524684448242187500e+02,4.100000000000000000e+01,9.041417241096496582e-01
3.414158691406250000e+03,1.094401977539062500e+03,6.475141601562500000e+02,1.793204833984375000e+03,3.900000000000000000e+01,8.989682197570800781e-01
3.079687255859375000e+03,2.052285644531250000e+03,1.647948486328125000e+03,2.789379882812500000e+02,4.500000000000000000e+01,6.270778179168701172e-01
1.962413208007812500e+03,2.292922851562500000e+03,7.921215820312500000e+02,1.080667236328125000e+03,4.100000000000000000e+01,9.489129781723022461e-01
2.426380859375000000e+03,1.617705688476562500e+03,8.639683227539062500e+02,8.509224853515625000e+02,4.100000000000000000e+01,9.379866719245910645e-01
3.035146484375000000e+03,2.401459960937500000e+03,1.643051147460937500e+03,8.748243408203125000e+02,4.500000000000000000e+01,9.368907809257507324e-01
4.057928222656250000e+03,2.681234863281250000e+03,2.830942382812500000e+02,3.527226562500000000e+02,4.200000000000000000e+01,9.179402589797973633e-01
3.650677246093750000e+03,2.084673583984375000e+03,4.658128662109375000e+02,4.537622680664062500e+02,4.400000000000000000e+01,9.176206588745117188e-01
4.404719238281250000e+03,2.741664062500000000e+03,3.206994628906250000e+02,2.311468505859375000e+02,4.400000000000000000e+01,8.425840139389038086e-01
1.878858154296875000e+03,2.155960449218750000e+03,8.860864257812500000e+02,8.871156005859375000e+02,4.100000000000000000e+01,9.502145648002624512e-01
2.995679931640625000e+03,2.258190917968750000e+03,1.647871459960937500e+03,6.838782958984375000e+02,4.500000000000000000e+01,9.384763240814208984e-01
2.388977050781250000e+03,1.579191040039062500e+03,8.612033691406250000e+02,8.489985961914062500e+02,4.100000000000000000e+01,9.380235671997070312e-01
3.602731689453125000e+03,2.047893066406250000e+03,4.534470214843750000e+02,4.526298828125000000e+02,4.400000000000000000e+01,9.032286405563354492e-01
4.062426025390625000e+03,2.834976562500000000e+03,1.692499755859375000e+03,6.941777343750000000e+02,4.400000000000000000e+01,9.852215647697448730e-01
4.217126953125000000e+03,2.889310546875000000e+03,4.148816528320312500e+02,1.017463806152343750e+03,4.200000000000000000e+01,9.224882125854492188e-01
3.742937500000000000e+03,1.962531127929687500e+03,4.700683288574218750e+02,4.551542968750000000e+02,4.400000000000000000e+01,9.117081165313720703e-01
3.493964111328125000e+03,2.407714355468750000e+03,9.084277343750000000e+02,1.128773071289062500e+03,4.500000000000000000e+01,8.895960450172424316e-01
2.418291259765625000e+03,1.680379272460937500e+03,8.643110351562500000e+02,8.520411376953125000e+02,4.100000000000000000e+01,9.270584583282470703e-01
3.383332519531250000e+03,1.172774658203125000e+03,6.522536621093750000e+02,1.881918212890625000e+03,3.900000000000000000e+01,9.010517597198486328e-01
3.713744628906250000e+03,2.061084960937500000e+03,3.178562011718750000e+02,2.780252685546875000e+02,4.400000000000000000e+01,8.568148612976074219e-01
1.906074340820312500e+03,2.002365600585937500e+03,8.858730468750000000e+02,3.764288330078125000e+02,4.100000000000000000e+01,8.174459934234619141e-01
3.041382812500000000e+03,2.110850097656250000e+03,1.648037353515625000e+03,1.659428710937500000e+02,4.500000000000000000e+01,5.121505260467529297e-01
3.794487792968750000e+03,2.118788330078125000e+03,4.686589355468750000e+02,4.548619384765625000e+02,4.400000000000000000e+01,9.260481595993041992e-01
2.573600585937500000e+03,1.654474853515625000e+03,8.612182006835937500e+02,8.519182128906250000e+02,4.100000000000000000e+01,9.221575260162353516e-01
2.200623535156250000e+03,2.198522705078125000e+03,6.090145263671875000e+02,8.242905273437500000e+02,4.100000000000000000e+01,9.184699058532714844e-01
3.177235107421875000e+03,2.306899902343750000e+03,1.645858886718750000e+03,6.158803710937500000e+02,4.500000000000000000e+01,8.378438353538513184e-01
4.193456054687500000e+03,2.589150634765625000e+03,2.347182617187500000e+02,8.923193359375000000e+01,4.200000000000000000e+01,6.052728295326232910e-01
2.745906738281250000e+03,1.600175292968750000e+03,3.629382324218750000e+02,8.140339965820312500e+02,4.100000000000000000e+01,9.056468009948730469e-01
3.714475830078125000e+03,2.079792480468750000e+03,4.727263793945312500e+02,4.523812255859375000e+02,4.400000000000000000e+01,9.035348296165466309e-01
3.244761962890625000e+03,2.239519042968750000e+03,1.354731201171875000e+03,5.500045166015625000e+02,4.500000000000000000e+01,8.823867440223693848e-01
3.460338378906250000e+03,1.283317138671875000e+03,6.528942871093750000e+02,1.490164184570312500e+03,3.900000000000000000e+01,3.359133005142211914e-01
3.674495605468750000e+03,2.105325439453125000e+03,4.682774658203125000e+02,4.550411376953125000e+02,4.400000000000000000e+01,9.252832531929016113e-01
2.471761230468750000e+03,1.638793701171875000e+03,8.217887573242187500e+02,8.490307006835937500e+02,4.100000000000000000e+01,8.872364163398742676e-01
2.222853759765625000e+03,2.227756835937500000e+03,3.234462585449218750e+02,8.987612304687500000e+02,4.100000000000000000e+01,8.686586618423461914e-01
4.075130371093750000e+03,2.615904541015625000e+03,2.552507324218750000e+02,1.707819824218750000e+02,4.200000000000000000e+01,8.575891852378845215e-01
3.055324707031250000e+03,2.332230957031250000e+03,1.650063232421875000e+03,6.948896484375000000e+02,4.500000000000000000e+01,8.441449999809265137e-01
1.934981811523437500e+03,2.106358398437500000e+03,8.890361328125000000e+02,9.973515014648437500e+02,4.100000000000000000e+01,9.506244659423828125e-01
2.450240722656250000e+03,1.475652954101562500e+03,8.591740722656250000e+02,8.477736206054687500e+02,4.100000000000000000e+01,9.360991120338439941e-01
2.713742187500000000e+03,2.213844482421875000e+03,9.650598144531250000e+02,7.849611816406250000e+02,4.500000000000000000e+01,8.133832216262817383e-01
6.163721923828125000e+02,2.460818359375000000e+03,8.342711181640625000e+02,3.146256103515625000e+02,4.300000000000000000e+01,4.283945560455322266e-01
1.984925048828125000e+03,2.347136962890625000e+03,8.872495117187500000e+02,1.117430297851562500e+03,4.100000000000000000e+01,9.564679265022277832e-01
8.687405395507812500e+02,2.784020507812500000e+03,1.194350463867187500e+03,5.894611816406250000e+02,4.300000000000000000e+01,9.533339738845825195e-01
2.773004394531250000e+03,2.535002441406250000e+03,9.881265869140625000e+02,1.070989013671875000e+03,4.500000000000000000e+01,9.154972434043884277e-01
2.497380615234375000e+03,1.655336425781250000e+03,8.611094970703125000e+02,8.472034301757812500e+02,4.100000000000000000e+01,9.095882177352905273e-01
2.988966308593750000e+03,2.499470214843750000e+03,1.497453369140625000e+03,1.082415649414062500e+03,4.500000000000000000e+01,9.596324563026428223e-01
1.943344970703125000e+03,2.304618164062500000e+03,8.862195434570312500e+02,1.118667724609375000e+03,4.100000000000000000e+01,9.553788900375366211e-01
2.458259521484375000e+03,1.611892822265625000e+03,8.620875244140625000e+02,8.490228271484375000e+02,4.100000000000000000e+01,9.301503300666809082e-01
3.591232421875000000e+03,2.140109375000000000e+03,2.932722167968750000e+02,3.388565673828125000e+02,4.400000000000000000e+01,8.870308399200439453e-01
2.241687255859375000e+03,2.114716552734375000e+03,2.981550537109375000e+03,1.867543334960937500e+03,6.000000000000000000e+01,2.786226570606231689e-01
4.041572021484375000e+03,2.921703857421875000e+03,1.682029174804687500e+03,6.967074584960937500e+02,4.400000000000000000e+01,9.888569712638854980e-01
3.719270507812500000e+03,2.050424316406250000e+03,4.693984680175781250e+02,4.525241394042968750e+02,4.400000000000000000e+01,9.073879122734069824e-01
4.194065429687500000e+03,2.976253173828125000e+03,4.172060546875000000e+02,1.020687622070312500e+03,4.200000000000000000e+01,8.905001878738403320e-01
3.474329833984375000e+03,2.505045410156250000e+03,9.031049194335937500e+02,1.151072509765625000e+03,4.500000000000000000e+01,8.334489464759826660e-01
4.521099609375000000e+03,3.511757568359375000e+03,2.981625976562500000e+03,5.150877685546875000e+02,7.100000000000000000e+01,5.473605990409851074e-01
2.465265625000000000e+03,1.549640136718750000e+03,8.635964355468750000e+02,8.355002441406250000e+02,4.100000000000000000e+01,9.035134911537170410e-01
3.396572998046875000e+03,1.035058959960937500e+03,5.787167968750000000e+02,1.856163818359375000e+03,3.900000000000000000e+01,8.699468970298767090e-01
1.952915039062500000e+03,1.841223754882812500e+03,8.904424438476562500e+02,2.984276123046875000e+02,4.100000000000000000e+01,8.245152235031127930e-01
2.477156005859375000e+03,1.625567993164062500e+03,8.653750000000000000e+02,8.535935058593750000e+02,4.100000000000000000e+01,9.324277043342590332e-01
1.968472656250000000e+03,2.016450073242187500e+03,8.898747558593750000e+02,5.223906250000000000e+02,4.100000000000000000e+01,8.897325992584228516e-01
3.349165771484375000e+03,1.156861083984375000e+03,4.512749023437500000e+02,1.734248168945312500e+03,3.900000000000000000e+01,8.331128358840942383e-01
2.920799072265625000e+03,2.124177734375000000e+03,1.309693847656250000e+03,3.054335937500000000e+02,4.500000000000000000e+01,4.745754897594451904e-01
4.028247314453125000e+03,3.023556152343750000e+03,1.695304199218750000e+03,6.851154785156250000e+02,4.400000000000000000e+01,9.890415072441101074e-01
3.706727050781250000e+03,2.150216308593750000e+03,4.662935791015625000e+02,4.508106689453125000e+02,4.400000000000000000e+01,9.178322553634643555e-01
3.356203125000000000e+03,2.601912109375000000e+03,1.111605590820312500e+03,1.142337280273437500e+03,4.500000000000000000e+01,8.810656070709228516e-01
4.173194824218750000e+03,3.044710205078125000e+03,3.969508056640625000e+02,9.507824707031250000e+02,4.200000000000000000e+01,8.607863783836364746e-01
1.956861572265625000e+03,2.380342773437500000e+03,8.144448242187500000e+02,8.646820068359375000e+02,4.100000000000000000e+01,9.529927372932434082e-01
2.798638916015625000e+03,2.557727050781250000e+03,1.065031616210937500e+03,1.219450683593750000e+03,4.500000000000000000e+01,9.223706722259521484e-01
8.949118041992187500e+02,2.777072753906250000e+03,1.118425781250000000e+03,7.155649414062500000e+02,4.300000000000000000e+01,8.932959437370300293e-01
1.834974853515625000e+03,2.944454101562500000e+03,2.992363769531250000e+03,1.942901733398437500e+03,6.000000000000000000e+01,3.375806808471679688e-01
3.990543457031250000e+03,2.932540039062500000e+03,1.692788574218750000e+03,6.962459716796875000e+02,4.400000000000000000e+01,9.918369650840759277e-01
3.285860351562500000e+03,2.500639892578125000e+03,1.184189208984375000e+03,1.121914062500000000e+03,4.500000000000000000e+01,9.128571748733520508e-01
3.674633789062500000e+03,2.060795166015625000e+03,4.665415039062500000e+02,4.559711303710937500e+02,4.400000000000000000e+01,9.115355014801025391e-01
4.121661132812500000e+03,2.883582275390625000e+03,3.601141357421875000e+02,8.072783203125000000e+02,4.200000000000000000e+01,8.983263373374938965e-01
1.896180664062500000e+03,2.256979736328125000e+03,8.869501953125000000e+02,1.118505981445312500e+03,4.100000000000000000e+01,9.556402564048767090e-01
3.630070068359375000e+03,2.028313354492187500e+03,4.665517578125000000e+02,4.537656860351562500e+02,4.400000000000000000e+01,9.341958761215209961e-01
3.012652343750000000e+03,2.506458251953125000e+03,1.646916259765625000e+03,1.241806030273437500e+03,4.500000000000000000e+01,9.304652810096740723e-01
3.992967041015625000e+03,2.842544677734375000e+03,1.890878906250000000e+02,7.796757202148437500e+02,4.200000000000000000e+01,8.992574214935302734e-01
3.595933105468750000e+03,3.050549560546875000e+03,9.840316162109375000e+02,4.059980468750000000e+02,4.200000000000000000e+01,4.532644152641296387e-01
2.586774414062500000e+03,2.668146972656250000e+03,2.991956542968750000e+03,1.508054443359375000e+03,6.000000000000000000e+01,4.056599140167236328e-01
3.596435302734375000e+03,3.053312744140625000e+03,9.829903564453125000e+02,4.068778076171875000e+02,4.300000000000000000e+01,3.033263683319091797e-01
3.595828369140625000e+03,3.052692138671875000e+03,9.816147460937500000e+02,4.076986083984375000e+02,4.400000000000000000e+01,2.930621504783630371e-01
3.071591064453125000e+03,2.282099609375000000e+03,1.606645751953125000e+03,7.876533203125000000e+02,4.500000000000000000e+01,9.510225057601928711e-01
1.971431884765625000e+03,2.180733886718750000e+03,8.897817993164062500e+02,9.875170898437500000e+02,4.100000000000000000e+01,9.461244344711303711e-01
3.672328369140625000e+03,2.026804443359375000e+03,4.023171386718750000e+02,4.466079101562500000e+02,4.400000000000000000e+01,9.314259886741638184e-01
2.482292724609375000e+03,1.555825683593750000e+03,8.617082519531250000e+02,8.484508056640625000e+02,4.100000000000000000e+01,9.283570051193237305e-01
1.036603027343750000e+03,1.443390747070312500e+03,3.215461730957031250e+02,1.440432250976562500e+03,4.100000000000000000e+01,3.042366504669189453e-01
1.910377441406250000e+03,2.106858398437500000e+03,8.876667480468750000e+02,1.040449951171875000e+03,4.100000000000000000e+01,9.545375704765319824e-01
2.913047119140625000e+03,2.213776123046875000e+03,1.416273559570312500e+03,8.289804687500000000e+02,4.500000000000000000e+01,9.443185925483703613e-01
2.424462890625000000e+03,1.452006835937500000e+03,8.619918212890625000e+02,8.476943359375000000e+02,4.100000000000000000e+01,9.268032908439636230e-01
3.517239746093750000e+03,2.025856689453125000e+03,2.093959960937500000e+02,2.409044189453125000e+02,4.400000000000000000e+01,6.695566177368164062e-01
8.528830566406250000e+02,2.551876464843750000e+03,4.576376953125000000e+02,1.870125732421875000e+02,6.500000000000000000e+01,3.642694354057312012e-01
3.339970214843750000e+03,1.270580932617187500e+03,5.633640136718750000e+02,1.215382934570312500e+03,4.100000000000000000e+01,3.201407194137573242e-01
1.958155883789062500e+03,2.306898681640625000e+03,8.869553222656250000e+02,1.119097412109375000e+03,4.100000000000000000e+01,9.601109027862548828e-01
3.077919921875000000e+03,2.544019531250000000e+03,1.639701293945312500e+03,1.193325683593750000e+03,4.500000000000000000e+01,9.453005194664001465e-01
3.692572998046875000e+03,2.080893066406250000e+03,4.675678710937500000e+02,4.559741516113281250e+02,4.400000000000000000e+01,9.432013034820556641e-01
4.077614257812500000e+03,2.915817871093750000e+03,2.355881347656250000e+02,8.303358154296875000e+02,4.200000000000000000e+01,9.195159673690795898e-01
2.477138916015625000e+03,1.691957763671875000e+03,8.470556640625000000e+02,6.923720092773437500e+02,4.100000000000000000e+01,4.381444156169891357e-01
3.681311035156250000e+03,3.097584960937500000e+03,1.030529052734375000e+03,4.033898925781250000e+02,4.400000000000000000e+01,4.130805730819702148e-01
2.692442626953125000e+03,2.669221435546875000e+03,2.989177246093750000e+03,1.296056640625000000e+03,6.000000000000000000e+01,3.768159151077270508e-01
2.507933105468750000e+03,1.551210937500000000e+03,8.628159179687500000e+02,8.514994506835937500e+02,4.100000000000000000e+01,9.291089773178100586e-01
1.995169433593750000e+03,1.980262084960937500e+03,8.857933349609375000e+02,5.934156494140625000e+02,4.100000000000000000e+01,9.144749045372009277e-01
3.281983642578125000e+03,1.108714477539062500e+03,2.689064941406250000e+02,1.630669677734375000e+03,3.900000000000000000e+01,7.251189947128295898e-01
2.853700439453125000e+03,2.082293457031250000e+03,1.125590698242187500e+03,3.694908447265625000e+02,4.500000000000000000e+01,5.957672595977783203e-01
2.412277587890625000e+03,1.555723388671875000e+03,8.653375244140625000e+02,8.526494750976562500e+02,4.100000000000000000e+01,9.275701642036437988e-01
1.902669799804687500e+03,1.946493041992187500e+03,8.880389404296875000e+02,5.232862548828125000e+02,4.100000000000000000e+01,8.860946297645568848e-01
2.625213867187500000e+03,2.053379150390625000e+03,8.559653320312500000e+02,3.029422607421875000e+02,4.500000000000000000e+01,4.419413506984710693e-01
1.960627075195312500e+03,2.311668701171875000e+03,8.879854736328125000e+02,1.052289428710937500e+03,4.100000000000000000e+01,9.666354060173034668e-01
7.570301513671875000e+02,2.766117675781250000e+03,1.383768798828125000e+03,7.874926757812500000e+02,4.300000000000000000e+01,9.309112429618835449e-01
2.659719482421875000e+03,2.552524414062500000e+03,8.057573242187500000e+02,1.249160400390625000e+03,4.500000000000000000e+01,9.262508153915405273e-01
1.563469238281250000e+03,2.810313964843750000e+03,2.987350830078125000e+03,1.881254028320312500e+03,6.000000000000000000e+01,5.571119785308837891e-01
1.826334838867187500e+03,2.031791625976562500e+03,8.890365600585937500e+02,6.134787597656250000e+02,4.100000000000000000e+01,9.330347776412963867e-01
2.337981933593750000e+03,1.593240356445312500e+03,8.607559814453125000e+02,8.539346313476562500e+02,4.100000000000000000e+01,9.279309511184692383e-01
2.752541503906250000e+03,2.134251464843750000e+03,1.268497436523437500e+03,3.936904296875000000e+02,4.500000000000000000e+01,7.786415815353393555e-01
3.181703613281250000e+03,1.170145019531250000e+03,4.073334960937500000e+02,1.626901733398437500e+03,3.900000000000000000e+01,6.127055287361145020e-01
1.880697998046875000e+03,2.188267822265625000e+03,8.893640747070312500e+02,8.979583740234375000e+02,4.100000000000000000e+01,9.498304128646850586e-01
2.840687744140625000e+03,2.295573486328125000e+03,1.336033691406250000e+03,6.827442626953125000e+02,4.500000000000000000e+01,9.237298965454101562e-01
2.393750488281250000e+03,1.606042114257812500e+03,8.575614013671875000e+02,8.498277587890625000e+02,4.100000000000000000e+01,9.136802554130554199e-01
3.445093017578125000e+03,2.228468505859375000e+03,1.285725097656250000e+02,1.512747802734375000e+02,4.400000000000000000e+01,3.091678917407989502e-01
1.030019042968750000e+03,2.307485107421875000e+03,1.031494384765625000e+03,6.464532470703125000e+02,6.000000000000000000e+01,2.882733345031738281e-01
2.437790039062500000e+03,1.531965820312500000e+03,8.628688354492187500e+02,8.516409912109375000e+02,4.100000000000000000e+01,9.298754334449768066e-01
3.045188720703125000e+03,2.087145019531250000e+03,1.638368896484375000e+03,4.067679443359375000e+02,4.500000000000000000e+01,9.181091189384460449e-01
3.657312011718750000e+03,1.998871093750000000e+03,4.697124023437500000e+02,4.552276611328125000e+02,4.400000000000000000e+01,9.146420955657958984e-01
2.073524414062500000e+03,1.977857177734375000e+03,5.908401489257812500e+02,6.275358886718750000e+02,4.100000000000000000e+01,8.885101079940795898e-01
3.401026367187500000e+03,1.132326416015625000e+03,6.518267822265625000e+02,1.639279418945312500e+03,3.900000000000000000e+01,6.470780968666076660e-01
3.701048339843750000e+03,2.017432128906250000e+03,4.645213012695312500e+02,4.556356201171875000e+02,4.400000000000000000e+01,8.935311436653137207e-01
3.325394042968750000e+03,2.188396484375000000e+03,1.156609619140625000e+03,5.847250976562500000e+02,4.500000000000000000e+01,8.847466707229614258e-01
2.826738525390625000e+03,1.530260620117187500e+03,1.623438568115234375e+02,7.719035644531250000e+02,4.100000000000000000e+01,8.740544319152832031e-01
2.510082031250000000e+03,1.586510498046875000e+03,8.620269775390625000e+02,8.512321777343750000e+02,4.100000000000000000e+01,9.259772896766662598e-01
1.995750122070312500e+03,1.993346435546875000e+03,8.849229736328125000e+02,5.570837402343750000e+02,4.100000000000000000e+01,8.985220193862915039e-01
2.742561279296875000e+03,2.099088378906250000e+03,8.929001464843750000e+02,3.374868164062500000e+02,4.500000000000000000e+01,6.727687716484069824e-01
7.704436035156250000e+02,2.691613769531250000e+03,1.371487060546875000e+03,6.375958251953125000e+02,4.300000000000000000e+01,9.625131487846374512e-01
1.972316406250000000e+03,2.275274414062500000e+03,8.866948242187500000e+02,1.120658447265625000e+03,4.100000000000000000e+01,9.526392817497253418e-01
2.486871826171875000e+03,1.582905395507812500e+03,8.611621093750000000e+02,8.466075439453125000e+02,4.100000000000000000e+01,9.346255064010620117e-01
2.673672363281250000e+03,2.464549560546875000e+03,8.122919921875000000e+02,1.075095703125000000e+03,4.500000000000000000e+01,8.442357778549194336e-01
2.477719238281250000e+03,1.498053833007812500e+03,8.647064208984375000e+02,8.237572021484375000e+02,4.100000000000000000e+01,9.170656800270080566e-01
1.965857543945312500e+03,1.784792724609375000e+03,8.913851318359375000e+02,2.777529296875000000e+02,4.100000000000000000e+01,7.671427726745605469e-01
3.954752929687500000e+03,2.956288085937500000e+03,1.683593994140625000e+03,6.919270019531250000e+02,4.400000000000000000e+01,9.907728433609008789e-01
3.636941894531250000e+03,2.082040283203125000e+03,4.691546630859375000e+02,4.536373901367187500e+02,4.400000000000000000e+01,9.394996166229248047e-01
3.021282470703125000e+03,2.563072509765625000e+03,1.645079589843750000e+03,1.203568603515625000e+03,4.500000000000000000e+01,9.229950308799743652e-01
4.114664550781250000e+03,3.011784179687500000e+03,4.169777832031250000e+02,1.022790588378906250e+03,4.200000000000000000e+01,9.107775092124938965e-01
2.250697021484375000e+03,2.292628906250000000e+03,1.906921081542968750e+02,1.047541015625000000e+03,4.100000000000000000e+01,9.041751623153686523e-01
1.927794189453125000e+03,2.164170166015625000e+03,7.785661010742187500e+02,9.949333496093750000e+02,4.100000000000000000e+01,9.404667615890502930e-01
3.607779296875000000e+03,2.000951171875000000e+03,4.700096435546875000e+02,4.548126220703125000e+02,4.400000000000000000e+01,9.334894418716430664e-01
2.386012451171875000e+03,1.533557617187500000e+03,8.610531616210937500e+02,8.486572265625000000e+02,4.100000000000000000e+01,9.298391342163085938e-01
2.994710205078125000e+03,2.270560058593750000e+03,1.642679443359375000e+03,7.892200927734375000e+02,4.500000000000000000e+01,9.029539227485656738e-01
4.012012207031250000e+03,2.555350830078125000e+03,2.688730468750000000e+02,2.614145507812500000e+02,4.200000000000000000e+01,8.929256796836853027e-01
2.464356933593750000e+03,1.662564941406250000e+03,8.624576416015625000e+02,8.507016601562500000e+02,4.100000000000000000e+01,9.323598742485046387e-01
3.071727783203125000e+03,2.235156982421875000e+03,1.643302001953125000e+03,4.463430175781250000e+02,4.500000000000000000e+01,9.219858646392822266e-01
3.684153320312500000e+03,2.131681396484375000e+03,4.695560302734375000e+02,4.567233886718750000e+02,4.400000000000000000e+01,9.054840803146362305e-01
2.057331298828125000e+03,2.125463134765625000e+03,6.760444335937500000e+02,6.621546630859375000e+02,4.100000000000000000e+01,8.730657696723937988e-01
3.428578613281250000e+03,1.282320312500000000e+03,6.503878173828125000e+02,1.596271118164062500e+03,3.900000000000000000e+01,5.666755437850952148e-01
2.468877929687500000e+03,1.646693115234375000e+03,8.608722534179687500e+02,8.520989990234375000e+02,4.100000000000000000e+01,9.469137787818908691e-01
3.431651855468750000e+03,1.132376342773437500e+03,6.512497558593750000e+02,1.869382690429687500e+03,3.900000000000000000e+01,9.175448417663574219e-01
3.774250976562500000e+03,2.011891723632812500e+03,2.952897949218750000e+02,2.479250488281250000e+02,4.400000000000000000e+01,8.851327896118164062e-01
1.955536376953125000e+03,1.953004638671875000e+03,8.901680908203125000e+02,3.434786376953125000e+02,4.100000000000000000e+01,8.319513797760009766e-01
3.028642578125000000e+03,2.063554931640625000e+03,1.506389892578125000e+03,1.411042480468750000e+02,4.500000000000000000e+01,2.680337429046630859e-01
9.259827880859375000e+02,2.778564453125000000e+03,1.219076049804687500e+03,7.464980468750000000e+02,4.300000000000000000e+01,9.622529149055480957e-01
2.051543701171875000e+03,2.269594970703125000e+03,8.833414306640625000e+02,1.119125244140625000e+03,4.100000000000000000e+01,9.601281285285949707e-01
2.828802001953125000e+03,2.550316406250000000e+03,9.668272705078125000e+02,1.252951416015625000e+03,4.500000000000000000e+01,9.052163958549499512e-01
1.811077026367187500e+03,2.644702636718750000e+03,2.990485351562500000e+03,1.397375732421875000e+03,6.000000000000000000e+01,5.977472662925720215e-01
3.432570068359375000e+03,1.096104980468750000e+03,6.477951660156250000e+02,1.858346557617187500e+03,3.900000000000000000e+01,9.393765330314636230e-01
2.671069824218750000e+03,1.608154663085937500e+03,4.542308959960937500e+02,8.171882324218750000e+02,4.100000000000000000e+01,9.342052340507507324e-01
3.802234863281250000e+03,1.957441894531250000e+03,2.414903564453125000e+02,1.909434814453125000e+02,4.400000000000000000e+01,7.871497869491577148e-01
4.304581054687500000e+03,2.878080566406250000e+03,1.171015625000000000e+03,4.540019531250000000e+02,4.400000000000000000e+01,9.557781815528869629e-01
3.477942138671875000e+03,2.545603515625000000e+03,8.974302978515625000e+02,1.074145996093750000e+03,4.500000000000000000e+01,9.424535036087036133e-01
3.723377441406250000e+03,2.124916992187500000e+03,4.682560424804687500e+02,4.528106689453125000e+02,4.400000000000000000e+01,8.945676684379577637e-01
4.138257812500000000e+03,2.820596923828125000e+03,2.913573608398437500e+02,5.562532958984375000e+02,4.200000000000000000e+01,8.114490509033203125e-01
2.755488769531250000e+03,1.598781616210937500e+03,2.837514648437500000e+02,7.967188720703125000e+02,4.100000000000000000e+01,9.395878314971923828e-01
3.253719726562500000e+03,2.364399169921875000e+03,1.277852172851562500e+03,8.059218750000000000e+02,4.500000000000000000e+01,9.286614060401916504e-01
3.686138427734375000e+03,2.084075927734375000e+03,4.669478759765625000e+02,4.561749267578125000e+02,4.400000000000000000e+01,9.095137119293212891e-01
4.092063720703125000e+03,2.645955322265625000e+03,2.733615722656250000e+02,2.814610595703125000e+02,4.200000000000000000e+01,9.090541601181030273e-01
4.583007324218750000e+03,2.697300048828125000e+03,5.420676269531250000e+02,1.777924804687500000e+02,4.400000000000000000e+01,8.509613275527954102e-01
3.124352783203125000e+03,2.309084228515625000e+03,1.516344848632812500e+03,6.938032226562500000e+02,4.500000000000000000e+01,9.505697488784790039e-01
2.073752929687500000e+03,2.203960937500000000e+03,8.873338012695312500e+02,9.075187988281250000e+02,4.100000000000000000e+01,9.421472549438476562e-01
2.585833984375000000e+03,1.616028686523437500e+03,8.595490722656250000e+02,8.500339355468750000e+02,4.100000000000000000e+01,9.282834529876708984e-01
3.728164550781250000e+03,2.131709228515625000e+03,3.093017578125000000e+02,3.515164794921875000e+02,4.400000000000000000e+01,8.679116368293762207e-01
4.437470703125000000e+03,2.766423583984375000e+03,1.064652465820312500e+03,4.263112792968750000e+02,4.400000000000000000e+01,9.524113535881042480e-01
3.298924804687500000e+03,2.433742675781250000e+03,1.417336181640625000e+03,1.053868896484375000e+03,4.500000000000000000e+01,9.450120329856872559e-01
3.802798339843750000e+03,2.029969604492187500e+03,4.672622680664062500e+02,4.537754516601562500e+02,4.400000000000000000e+01,9.190823435783386230e-01
2.801908447265625000e+03,1.552941650390625000e+03,4.250249023437500000e+02,8.220704956054687500e+02,4.100000000000000000e+01,8.951411843299865723e-01
4.218137695312500000e+03,2.711816650390625000e+03,2.944644775390625000e+02,5.221469726562500000e+02,4.200000000000000000e+01,6.628188490867614746e-01
3.968420898437500000e+03,2.899820800781250000e+03,1.689000854492187500e+03,6.990262451171875000e+02,4.400000000000000000e+01,9.910557270050048828e-01
3.160452636718750000e+03,2.486026855468750000e+03,1.398712036132812500e+03,1.168757202148437500e+03,4.500000000000000000e+01,9.341797232627868652e-01
3.650344238281250000e+03,2.021817260742187500e+03,4.653676147460937500e+02,4.472165222167968750e+02,4.400000000000000000e+01,9.181956648826599121e-01
4.128385742187500000e+03,2.953705078125000000e+03,4.173785400390625000e+02,1.017677001953125000e+03,4.200000000000000000e+01,8.928143978118896484e-01
3.988027832031250000e+03,3.480476074218750000e+03,2.934141357421875000e+03,4.940811767578125000e+02,7.100000000000000000e+01,2.769478857517242432e-01
2.458737792968750000e+03,1.549822021484375000e+03,8.634194335937500000e+02,8.499776611328125000e+02,4.100000000000000000e+01,9.429259896278381348e-01
1.949135620117187500e+03,2.044581542968750000e+03,8.902740478515625000e+02,7.255113525390625000e+02,4.100000000000000000e+01,9.282729029655456543e-01
3.682768798828125000e+03,2.019316406250000000e+03,4.672885742187500000e+02,4.547650146484375000e+02,4.400000000000000000e+01,9.169621467590332031e-01
3.066021240234375000e+03,2.151997070312500000e+03,1.647624633789062500e+03,5.122449951171875000e+02,4.500000000000000000e+01,8.923880457878112793e-01
3.424377685546875000e+03,1.202064697265625000e+03,6.470593261718750000e+02,1.534770141601562500e+03,3.900000000000000000e+01,2.933044433593750000e-01
2.605344726562500000e+03,1.517792602539062500e+03,4.969190673828125000e+02,8.432321166992187500e+02,4.100000000000000000e+01,9.235320687294006348e-01
3.642369140625000000e+03,1.986251342773437500e+03,4.696253662109375000e+02,4.551995849609375000e+02,4.400000000000000000e+01,9.152728915214538574e-01
3.102641357421875000e+03,2.066169433593750000e+03,1.488315917968750000e+03,3.887701416015625000e+02,4.500000000000000000e+01,8.852568268775939941e-01
3.385481933593750000e+03,1.112788452148437500e+03,6.515349121093750000e+02,1.660348510742187500e+03,3.900000000000000000e+01,6.881608963012695312e-01
3.846688476562500000e+03,2.921189453125000000e+03,1.378061279296875000e+03,6.613708496093750000e+02,4.400000000000000000e+01,9.832854866981506348e-01
1.966265380859375000e+03,2.296584716796875000e+03,8.555330810546875000e+02,1.037836547851562500e+03,4.100000000000000000e+01,9.651875495910644531e-01
3.068479003906250000e+03,2.526639892578125000e+03,1.642707031250000000e+03,1.238005493164062500e+03,4.500000000000000000e+01,9.263035655021667480e-01
3.685686035156250000e+03,2.032544433593750000e+03,4.676457519531250000e+02,4.521989135742187500e+02,4.400000000000000000e+01,9.260869026184082031e-01
4.158228027343750000e+03,2.960443359375000000e+03,4.115168457031250000e+02,1.021541748046875000e+03,4.200000000000000000e+01,8.984427452087402344e-01
2.348229492187500000e+03,1.596168212890625000e+03,8.637829589843750000e+02,8.509556884765625000e+02,4.100000000000000000e+01,9.113228321075439453e-01
3.571635742187500000e+03,2.057683105468750000e+03,4.634353027343750000e+02,4.443739013671875000e+02,4.400000000000000000e+01,9.033692479133605957e-01
2.953854980468750000e+03,2.111388916015625000e+03,1.628751220703125000e+03,3.319227294921875000e+02,4.500000000000000000e+01,8.726294636726379395e-01
3.312452392578125000e+03,1.154580932617187500e+03,6.508730468750000000e+02,1.728126953125000000e+03,3.900000000000000000e+01,8.563072681427001953e-01
2.057315185546875000e+03,2.004920410156250000e+03,4.437938842773437500e+02,5.493319091796875000e+02,4.100000000000000000e+01,8.517596721649169922e-01
3.653637207031250000e+03,2.045457275390625000e+03,4.496987304687500000e+02,4.301553955078125000e+02,4.400000000000000000e+01,9.103966951370239258e-01
2.518188232421875000e+03,1.592061523437500000e+03,6.685562744140625000e+02,8.528887939453125000e+02,4.100000000000000000e+01,8.922166228294372559e-01
3.384395996093750000e+03,1.143413818359375000e+03,6.498075561523437500e+02,1.751123657226562500e+03,3.900000000000000000e+01,8.611456155776977539e-01
3.024932617187500000e+03,2.098792236328125000e+03,1.640416992187500000e+03,3.177932128906250000e+02,4.500000000000000000e+01,8.245763182640075684e-01
2.267910888671875000e+03,2.000481933593750000e+03,1.705669555664062500e+02,5.142451171875000000e+02,4.100000000000000000e+01,5.316261649131774902e-01
2.268269287109375000e+03,1.999728759765625000e+03,1.712010345458984375e+02,5.100471191406250000e+02,4.500000000000000000e+01,2.710091173648834229e-01
1.882783203125000000e+03,2.348486083984375000e+03,7.930623168945312500e+02,8.371779174804687500e+02,4.100000000000000000e+01,9.574368596076965332e-01
2.903723144531250000e+03,2.524699218750000000e+03,1.424735473632812500e+03,1.189604492187500000e+03,4.500000000000000000e+01,9.566206336021423340e-01
2.119172363281250000e+03,2.919475097656250000e+03,2.985726318359375000e+03,1.931844360351562500e+03,6.000000000000000000e+01,5.446504950523376465e-01
3.508916748046875000e+03,2.086257812500000000e+03,2.163334960937500000e+02,2.459216766357421875e+02,4.400000000000000000e+01,4.698350131511688232e-01
3.361580322265625000e+03,3.095115234375000000e+03,5.104523925781250000e+02,2.251267089843750000e+02,4.400000000000000000e+01,2.946623265743255615e-01
2.852765625000000000e+03,2.312895507812500000e+03,1.257005493164062500e+03,8.754453125000000000e+02,4.500000000000000000e+01,9.565064907073974609e-01
1.930124511718750000e+03,2.203360351562500000e+03,8.876228637695312500e+02,1.084396362304687500e+03,4.100000000000000000e+01,9.505652189254760742e-01
2.443934814453125000e+03,1.525901855468750000e+03,8.605422363281250000e+02,8.496787109375000000e+02,4.100000000000000000e+01,9.298013448715209961e-01
8.330273437500000000e+02,2.610182128906250000e+03,6.979713134765625000e+02,3.027185058593750000e+02,4.300000000000000000e+01,6.223338246345520020e-01
3.455520507812500000e+03,2.189082031250000000e+03,5.312329101562500000e+01,6.593969726562500000e+01,4.400000000000000000e+01,3.561559617519378662e-01
2.022599731445312500e+03,2.244768554687500000e+03,8.876831054687500000e+02,1.117612792968750000e+03,4.100000000000000000e+01,9.571719169616699219e-01
3.755203857421875000e+03,2.019703613281250000e+03,4.690175781250000000e+02,4.545404663085937500e+02,4.400000000000000000e+01,9.346620440483093262e-01
3.141146484375000000e+03,2.512345947265625000e+03,1.645000122070312500e+03,1.240934082031250000e+03,4.500000000000000000e+01,9.286498427391052246e-01
2.687452880859375000e+03,2.758794921875000000e+03,2.993518066406250000e+03,1.664085083007812500e+03,6.000000000000000000e+01,5.789143443107604980e-01
3.708056640625000000e+03,2.840494628906250000e+03,9.638533935546875000e+02,8.050990600585937500e+02,4.200000000000000000e+01,5.468965172767639160e-01
3.710593750000000000e+03,2.839323486328125000e+03,9.575285644531250000e+02,8.099298706054687500e+02,4.400000000000000000e+01,4.541331529617309570e-01
1.347384521484375000e+03,2.929895507812500000e+03,3.126050109863281250e+02,3.862458496093750000e+02,5.100000000000000000e+01,4.514094293117523193e-01
2.505316162109375000e+03,1.730539550781250000e+03,8.618896484375000000e+02,8.514945068359375000e+02,4.100000000000000000e+01,9.328732490539550781e-01
3.724082519531250000e+03,2.194514160156250000e+03,4.718325195312500000e+02,4.545266113281250000e+02,4.400000000000000000e+01,9.106832742691040039e-01
3.111664062500000000e+03,2.386152832031250000e+03,1.638760742187500000e+03,6.179932861328125000e+02,4.500000000000000000e+01,8.973698616027832031e-01
2.172903808593750000e+03,2.277106933593750000e+03,5.230753784179687500e+02,8.274627685546875000e+02,4.100000000000000000e+01,8.962779641151428223e-01
4.125329589843750000e+03,2.668868652343750000e+03,2.370700683593750000e+02,9.506274414062500000e+01,4.200000000000000000e+01,6.505087018013000488e-01
3.942212402343750000e+03,2.842356933593750000e+03,1.706336914062500000e+03,7.059544067382812500e+02,4.400000000000000000e+01,9.884826540946960449e-01
2.105749267578125000e+03,2.232246093750000000e+03,4.722336730957031250e+02,1.027937255859375000e+03,4.100000000000000000e+01,9.528658390045166016e-01
3.016768798828125000e+03,2.455230224609375000e+03,1.649244506835937500e+03,1.229784912109375000e+03,4.500000000000000000e+01,9.296177029609680176e-01
3.631968261718750000e+03,1.964584716796875000e+03,4.684273681640625000e+02,4.499639587402343750e+02,4.400000000000000000e+01,9.276599287986755371e-01
4.105973632812500000e+03,2.893062988281250000e+03,4.166468505859375000e+02,1.022296386718750000e+03,4.200000000000000000e+01,8.956210613250732422e-01
3.366145996093750000e+03,2.724523925781250000e+03,2.985575195312500000e+03,1.914239990234375000e+03,6.000000000000000000e+01,2.832563817501068115e-01
4.073013916015625000e+03,3.017528076171875000e+03,1.689478027343750000e+03,6.943779907226562500e+02,4.400000000000000000e+01,9.897112846374511719e-01
3.187799804687500000e+03,2.617833496093750000e+03,1.546925048828125000e+03,1.195979125976562500e+03,4.500000000000000000e+01,9.302574992179870605e-01
3.754156494140625000e+03,2.143418945312500000e+03,4.644501953125000000e+02,4.556767578125000000e+02,4.400000000000000000e+01,9.216990470886230469e-01
4.230796875000000000e+03,3.068635986328125000e+03,4.166884765625000000e+02,1.016108032226562500e+03,4.200000000000000000e+01,9.033036828041076660e-01
2.438388183593750000e+03,1.986066894531250000e+03,4.958374023437500000e+01,2.514325561523437500e+02,4.100000000000000000e+01,3.232234120368957520e-01
3.952945800781250000e+03,3.548250732421875000e+03,2.913174804687500000e+03,4.135906982421875000e+02,7.100000000000000000e+01,2.637021541595458984e-01
4.000146972656250000e+03,2.992510742187500000e+03,1.693117553710937500e+03,6.931766357421875000e+02,4.400000000000000000e+01,9.884588122367858887e-01
3.212653320312500000e+03,2.588594726562500000e+03,1.348917968750000000e+03,1.174834106445312500e+03,4.500000000000000000e+01,9.302223920822143555e-01
3.680651855468750000e+03,2.122148437500000000e+03,4.691019287109375000e+02,4.558227539062500000e+02,4.400000000000000000e+01,9.133992791175842285e-01
4.150011718750000000e+03,3.016555175781250000e+03,4.048621826171875000e+02,9.564490966796875000e+02,4.200000000000000000e+01,8.860872387886047363e-01
2.007925170898437500e+03,2.006332031250000000e+03,8.853566894531250000e+02,6.442457275390625000e+02,4.100000000000000000e+01,9.459161758422851562e-01
2.519775390625000000e+03,1.552623535156250000e+03,8.625404052734375000e+02,8.531733398437500000e+02,4.100000000000000000e+01,9.319056868553161621e-01
2.904196533203125000e+03,2.109504394531250000e+03,1.200659912109375000e+03,4.236866455078125000e+02,4.500000000000000000e+01,7.883665561676025391e-01
3.330009765625000000e+03,1.146424438476562500e+03,3.488857421875000000e+02,1.582661621093750000e+03,3.900000000000000000e+01,2.962741255760192871e-01
4.229647949218750000e+03,2.731937744140625000e+03,1.004212280273437500e+03,4.531643066406250000e+02,4.400000000000000000e+01,9.528141021728515625e-01
3.110311523437500000e+03,2.392478271484375000e+03,1.644715576171875000e+03,1.096615844726562500e+03,4.500000000000000000e+01,9.472779035568237305e-01
2.083463378906250000e+03,2.204604003906250000e+03,7.009906616210937500e+02,1.118381347656250000e+03,4.100000000000000000e+01,9.468677043914794922e-01
2.502298828125000000e+03,1.510285888671875000e+03,8.618381347656250000e+02,8.489755249023437500e+02,4.100000000000000000e+01,9.193316698074340820e-01
3.722976806640625000e+03,1.976725585937500000e+03,4.709868164062500000e+02,4.505509643554687500e+02,4.400000000000000000e+01,9.133467078208923340e-01
4.138656250000000000e+03,2.670279296875000000e+03,2.908566894531250000e+02,5.500963134765625000e+02,4.200000000000000000e+01,7.649325728416442871e-01
4.015851074218750000e+03,2.827324218750000000e+03,1.573638183593750000e+03,6.712784423828125000e+02,4.400000000000000000e+01,9.914783835411071777e-01
2.135501708984375000e+03,2.192248291015625000e+03,6.641962890625000000e+02,1.119935058593750000e+03,4.100000000000000000e+01,9.491336941719055176e-01
3.142543945312500000e+03,2.421744140625000000e+03,1.641449218750000000e+03,1.160517578125000000e+03,4.500000000000000000e+01,9.393487572669982910e-01
3.756721191406250000e+03,1.964534179687500000e+03,4.718242187500000000e+02,4.511754760742187500e+02,4.400000000000000000e+01,9.173505902290344238e-01
4.201472167968750000e+03,2.773356445312500000e+03,3.488771972656250000e+02,7.745252685546875000e+02,4.200000000000000000e+01,8.892613649368286133e-01
2.540240722656250000e+03,1.549286132812500000e+03,8.503774414062500000e+02,7.447603759765625000e+02,4.100000000000000000e+01,7.269086241722106934e-01
4.015418457031250000e+03,2.829638916015625000e+03,1.570681518554687500e+03,6.708594970703125000e+02,4.200000000000000000e+01,6.443098783493041992e-01
3.636370117187500000e+03,2.085516357421875000e+03,4.662227783203125000e+02,4.586828613281250000e+02,4.400000000000000000e+01,9.213337898254394531e-01
2.414583740234375000e+03,1.614106933593750000e+03,8.604481201171875000e+02,8.500529785156250000e+02,4.100000000000000000e+01,9.151449203491210938e-01
2.003676879882812500e+03,2.114926513671875000e+03,6.859138793945312500e+02,7.367751464843750000e+02,4.100000000000000000e+01,8.665106296539306641e-01
3.018826416015625000e+03,2.224019775390625000e+03,1.644558837890625000e+03,5.238652343750000000e+02,4.500000000000000000e+01,8.657664656639099121e-01
3.377184570312500000e+03,1.271449340820312500e+03,6.523275146484375000e+02,1.520394409179687500e+03,3.900000000000000000e+01,4.629085659980773926e-01
4.565580078125000000e+03,2.759720703125000000e+03,5.722443847656250000e+02,2.664248046875000000e+02,4.400000000000000000e+01,9.410132169723510742e-01
2.230240234375000000e+03,2.315525390625000000e+03,3.269295349121093750e+02,1.089046752929687500e+03,4.100000000000000000e+01,9.392904043197631836e-01
3.685250000000000000e+03,2.102809570312500000e+03,4.685222167968750000e+02,4.575024414062500000e+02,4.400000000000000000e+01,9.214345812797546387e-01
4.096410644531250000e+03,2.707443847656250000e+03,2.851231689453125000e+02,3.729749755859375000e+02,4.200000000000000000e+01,9.083537459373474121e-01
3.069200683593750000e+03,2.424000976562500000e+03,1.645738525390625000e+03,9.008939208984375000e+02,4.500000000000000000e+01,9.077496528625488281e-01
2.479786132812500000e+03,1.633474853515625000e+03,8.271978149414062500e+02,8.511232299804687500e+02,4.100000000000000000e+01,8.918176293373107910e-01
2.383468261718750000e+03,1.635449218750000000e+03,8.608898925781250000e+02,8.547918090820312500e+02,4.100000000000000000e+01,9.278945922851562500e-01
1.870024658203125000e+03,1.979749267578125000e+03,8.891177978515625000e+02,4.246502685546875000e+02,4.100000000000000000e+01,8.858429193496704102e-01
3.299969970703125000e+03,1.133008666992187500e+03,5.517504882812500000e+02,1.855072631835937500e+03,3.900000000000000000e+01,8.410392403602600098e-01
2.875121093750000000e+03,2.089094238281250000e+03,1.399726074218750000e+03,2.144279785156250000e+02,4.500000000000000000e+01,4.440599083900451660e-01
3.966305664062500000e+03,3.033090332031250000e+03,1.701158935546875000e+03,6.922768554687500000e+02,4.400000000000000000e+01,9.903385043144226074e-01
3.647512207031250000e+03,2.156113281250000000e+03,4.655513305664062500e+02,4.501478881835937500e+02,4.400000000000000000e+01,9.195807576179504395e-01
4.122642578125000000e+03,3.087664062500000000e+03,4.120473632812500000e+02,1.020245117187500000e+03,4.200000000000000000e+01,9.125190377235412598e-01
3.278839599609375000e+03,2.642299804687500000e+03,1.156436157226562500e+03,1.209889160156250000e+03,4.500000000000000000e+01,8.046051859855651855e-01
2.458424316406250000e+03,1.626638427734375000e+03,8.627016601562500000e+02,8.505165405273437500e+02,4.100000000000000000e+01,9.182305335998535156e-01
1.948895019531250000e+03,2.011562377929687500e+03,8.883259277343750000e+02,5.102994384765625000e+02,4.100000000000000000e+01,8.692417740821838379e-01
2.716427001953125000e+03,2.119708007812500000e+03,9.418425292968750000e+02,2.922568359375000000e+02,4.500000000000000000e+01,4.429127573966979980e-01
7.548764648437500000e+02,2.775894775390625000e+03,1.371613281250000000e+03,7.818818359375000000e+02,4.300000000000000000e+01,9.693940877914428711e-01
1.954124145507812500e+03,2.285090820312500000e+03,8.879196777343750000e+02,1.120372314453125000e+03,4.100000000000000000e+01,9.596763849258422852e-01
2.657683349609375000e+03,2.545417480468750000e+03,8.126755371093750000e+02,1.226026123046875000e+03,4.500000000000000000e+01,8.882629871368408203e-01
2.472634521484375000e+03,1.635606567382812500e+03,8.518691406250000000e+02,7.626130981445312500e+02,4.100000000000000000e+01,6.376887559890747070e-01
1.562701293945312500e+03,2.544032714843750000e+03,2.978970947265625000e+03,1.367208251953125000e+03,6.000000000000000000e+01,2.915040254592895508e-01
2.479138916015625000e+03,1.586071289062500000e+03,8.646887817382812500e+02,8.510067138671875000e+02,4.100000000000000000e+01,9.431932568550109863e-01
3.087636718750000000e+03,2.162010986328125000e+03,1.634711303710937500e+03,4.568413085937500000e+02,4.500000000000000000e+01,9.226492643356323242e-01
3.703738281250000000e+03,2.054393798828125000e+03,4.642675781250000000e+02,4.552655029296875000e+02,4.400000000000000000e+01,9.004293680191040039e-01
2.056057861328125000e+03,2.055046875000000000e+03,7.117202148437500000e+02,6.720705566406250000e+02,4.100000000000000000e+01,8.877567648887634277e-01
3.445049072265625000e+03,1.211784179687500000e+03,6.471840820312500000e+02,1.595385375976562500e+03,3.900000000000000000e+01,6.688132882118225098e-01
1.874108398437500000e+03,1.975217773437500000e+03,8.890095214843750000e+02,7.515433349609375000e+02,4.100000000000000000e+01,9.427233934402465820e-01
2.385986083984375000e+03,1.465377685546875000e+03,8.600466308593750000e+02,8.516713867187500000e+02,4.100000000000000000e+01,9.385690093040466309e-01
3.608681152343750000e+03,1.931126953125000000e+03,4.659978027343750000e+02,4.560355224609375000e+02,4.400000000000000000e+01,9.270898103713989258e-01
2.990849121093750000e+03,2.081863769531250000e+03,1.647642333984375000e+03,5.417963867187500000e+02,4.500000000000000000e+01,8.901289105415344238e-01
4.361033691406250000e+03,2.674083984375000000e+03,1.064451416015625000e+03,4.248018798828125000e+02,4.400000000000000000e+01,9.560512900352478027e-01
3.173036376953125000e+03,2.339258300781250000e+03,1.514901000976562500e+03,1.056975830078125000e+03,4.500000000000000000e+01,9.504095315933227539e-01
2.675432373046875000e+03,1.471573120117187500e+03,5.204768066406250000e+02,8.465707397460937500e+02,4.100000000000000000e+01,9.167300462722778320e-01
3.725947265625000000e+03,1.940686767578125000e+03,4.683848876953125000e+02,4.589392700195312500e+02,4.400000000000000000e+01,9.018694758415222168e-01
4.139057128906250000e+03,2.615229980468750000e+03,2.873148193359375000e+02,5.114116210937500000e+02,4.200000000000000000e+01,5.602681636810302734e-01
1.935012451171875000e+03,2.253754882812500000e+03,8.870805053710937500e+02,1.119407958984375000e+03,4.100000000000000000e+01,9.559532403945922852e-01
3.049388427734375000e+03,2.471616699218750000e+03,1.629036987304687500e+03,1.149306152343750000e+03,4.500000000000000000e+01,9.442817568778991699e-01
2.449209716796875000e+03,1.561917236328125000e+03,8.582279052734375000e+02,8.478505859375000000e+02,4.100000000000000000e+01,9.289801120758056641e-01
3.648555419921875000e+03,2.027957885742187500e+03,4.281149902343750000e+02,4.508173217773437500e+02,4.400000000000000000e+01,9.271017909049987793e-01
2.362402832031250000e+03,2.498656250000000000e+03,2.985889892578125000e+03,1.142977783203125000e+03,6.000000000000000000e+01,2.516147494316101074e-01
2.918764892578125000e+03,1.548324218750000000e+03,2.221639862060546875e+02,7.859398193359375000e+02,4.100000000000000000e+01,9.050599336624145508e-01
3.822842285156250000e+03,2.034229980468750000e+03,4.673532104492187500e+02,4.540666503906250000e+02,4.400000000000000000e+01,8.796738982200622559e-01
3.417703613281250000e+03,2.202127197265625000e+03,1.215826660156250000e+03,5.739274902343750000e+02,4.500000000000000000e+01,8.434864878654479980e-01
3.562913574218750000e+03,1.247405395507812500e+03,6.491658325195312500e+02,1.466814086914062500e+03,3.900000000000000000e+01,2.588271200656890869e-01
3.958536621093750000e+03,2.867781250000000000e+03,1.696926757812500000e+03,6.958794555664062500e+02,4.400000000000000000e+01,9.899532198905944824e-01
3.150826904296875000e+03,2.488937255859375000e+03,1.392411254882812500e+03,1.231712524414062500e+03,4.500000000000000000e+01,9.513084292411804199e-01
3.623069580078125000e+03,2.029211425781250000e+03,4.259385986328125000e+02,3.786187744140625000e+02,4.400000000000000000e+01,9.252241849899291992e-01
4.121832031250000000e+03,2.920527099609375000e+03,4.194425048828125000e+02,1.016228149414062500e+03,4.200000000000000000e+01,8.949009180068969727e-01
7.888864746093750000e+02,2.710226074218750000e+03,1.325755859375000000e+03,7.316131591796875000e+02,4.300000000000000000e+01,9.634673595428466797e-01
1.964504394531250000e+03,2.234194824218750000e+03,8.844268798828125000e+02,1.120712158203125000e+03,4.100000000000000000e+01,9.528960585594177246e-01
2.476584716796875000e+03,1.544037841796875000e+03,8.602852783203125000e+02,8.473796386718750000e+02,4.100000000000000000e+01,9.001249074935913086e-01
2.692312011718750000e+03,2.473520507812500000e+03,8.629343261718750000e+02,1.171964599609375000e+03,4.500000000000000000e+01,8.902440071105957031e-01
3.903112792968750000e+03,2.934028320312500000e+03,1.574082763671875000e+03,6.950163574218750000e+02,4.400000000000000000e+01,9.912918210029602051e-01
2.021675292968750000e+03,2.297025878906250000e+03,6.584422607421875000e+02,1.090584350585937500e+03,4.100000000000000000e+01,9.509761333465576172e-01
3.639500976562500000e+03,2.059915283203125000e+03,4.680374755859375000e+02,4.519040832519531250e+02,4.400000000000000000e+01,9.367385506629943848e-01
3.023192871093750000e+03,2.542992187500000000e+03,1.641804443359375000e+03,1.211823974609375000e+03,4.500000000000000000e+01,9.354207515716552734e-01
4.115287109375000000e+03,2.986056640625000000e+03,4.121843261718750000e+02,1.016837890625000000e+03,4.200000000000000000e+01,9.084049463272094727e-01
1.980145385742187500e+03,2.262030761718750000e+03,8.863093261718750000e+02,1.117884033203125000e+03,4.100000000000000000e+01,9.543876051902770996e-01
3.711984375000000000e+03,2.035773315429687500e+03,4.677978515625000000e+02,4.517276306152343750e+02,4.400000000000000000e+01,9.307653307914733887e-01
3.099373046875000000e+03,2.524318115234375000e+03,1.648878417968750000e+03,1.228908325195312500e+03,4.500000000000000000e+01,9.163999557495117188e-01
1.278442993164062500e+03,2.935738037109375000e+03,3.611313171386718750e+02,4.123901367187500000e+02,5.100000000000000000e+01,6.204521059989929199e-01
3.636710937500000000e+03,2.858972167968750000e+03,9.199951171875000000e+02,8.021146850585937500e+02,4.400000000000000000e+01,5.872870087623596191e-01
3.637973876953125000e+03,2.859237548828125000e+03,9.148017578125000000e+02,8.053630371093750000e+02,4.200000000000000000e+01,5.600900650024414062e-01
2.595643310546875000e+03,2.721800292968750000e+03,2.997862792968750000e+03,1.610820068359375000e+03,6.000000000000000000e+01,5.303294062614440918e-01
4.242959472656250000e+03,2.823829589843750000e+03,1.083746337890625000e+03,4.316490478515625000e+02,4.400000000000000000e+01,9.501804113388061523e-01
3.289277832031250000e+03,2.488830322265625000e+03,1.060727416992187500e+03,1.054577392578125000e+03,4.500000000000000000e+01,9.343994259834289551e-01
3.615553710937500000e+03,2.085319580078125000e+03,4.700508422851562500e+02,4.600802001953125000e+02,4.400000000000000000e+01,9.066461920738220215e-01
4.029805664062500000e+03,2.769148437500000000e+03,2.877102050781250000e+02,5.303543701171875000e+02,4.200000000000000000e+01,6.764573454856872559e-01
2.790878417968750000e+03,1.584819824218750000e+03,6.705126953125000000e+01,7.085225830078125000e+02,4.100000000000000000e+01,5.735725164413452148e-01
2.451726562500000000e+03,1.553237182617187500e+03,8.626768188476562500e+02,8.527015991210937500e+02,4.100000000000000000e+01,9.303123950958251953e-01
3.671701904296875000e+03,2.020465698242187500e+03,4.685406494140625000e+02,4.592285156250000000e+02,4.400000000000000000e+01,9.190265536308288574e-01
2.161077880859375000e+03,2.063475341796875000e+03,4.428287658691406250e+02,7.485385742187500000e+02,4.100000000000000000e+01,8.647028803825378418e-01
3.058400634765625000e+03,2.170895996093750000e+03,1.639868652343750000e+03,5.381354980468750000e+02,4.500000000000000000e+01,7.830848097801208496e-01
3.415716064453125000e+03,1.217936645507812500e+03,6.550844726562500000e+02,1.510714477539062500e+03,3.900000000000000000e+01,2.956156134605407715e-01
3.841085449218750000e+03,2.902266601562500000e+03,1.411201171875000000e+03,6.546418457031250000e+02,4.400000000000000000e+01,9.920083284378051758e-01
1.959711181640625000e+03,2.249467285156250000e+03,8.221788330078125000e+02,1.119810546875000000e+03,4.100000000000000000e+01,9.590364098548889160e-01
3.046389160156250000e+03,2.482753906250000000e+03,1.642918334960937500e+03,1.164402587890625000e+03,4.500000000000000000e+01,9.460948705673217773e-01
3.663664550781250000e+03,2.022773193359375000e+03,4.693627929687500000e+02,4.523192749023437500e+02,4.400000000000000000e+01,9.246560335159301758e-01
4.108548339843750000e+03,2.831259277343750000e+03,3.524855957031250000e+02,7.846563720703125000e+02,4.200000000000000000e+01,8.756523728370666504e-01
2.447248535156250000e+03,1.611508789062500000e+03,8.522238159179687500e+02,7.370529785156250000e+02,4.100000000000000000e+01,7.099371552467346191e-01
3.841689941406250000e+03,2.901308105468750000e+03,1.409954956054687500e+03,6.596463623046875000e+02,4.200000000000000000e+01,6.782031655311584473e-01
2.482788574218750000e+03,1.606905273437500000e+03,8.628697509765625000e+02,8.497484130859375000e+02,4.100000000000000000e+01,9.423839449882507324e-01
1.973121826171875000e+03,2.027740722656250000e+03,8.881965332031250000e+02,5.765848388671875000e+02,4.100000000000000000e+01,9.085515141487121582e-01
3.681387207031250000e+03,2.077306152343750000e+03,4.132880859375000000e+02,4.462944335937500000e+02,4.400000000000000000e+01,8.952991962432861328e-01
3.076743164062500000e+03,2.135826660156250000e+03,1.620768432617187500e+03,3.544340820312500000e+02,4.500000000000000000e+01,8.730794191360473633e-01
3.448260742187500000e+03,1.184694824218750000e+03,6.470251464843750000e+02,1.698426757812500000e+03,3.900000000000000000e+01,7.773039937019348145e-01
